customer_id,customer_name,gender,country_code,customer_segment,registration_date
CUST-00001,Customer 1,F,BRA,Standard,2024-01-06
CUST-00002,Customer 2,N/A,BRA,Premium,2020-01-22
CUST-00003,Customer 3,Other,COL,Standard,2018-11-05
CUST-00004,Customer 4,N/A,MEX,Standard,2018-07-27
CUST-00005,Customer 5,M,PER,Standard,2019-11-13
CUST-00006,Customer 6,N/A,COL,Premium,2020-05-25
CUST-00007,Customer 7,N/A,PER,Standard,2022-04-02
CUST-00008,Customer 8,M,COL,Premium,2023-02-07
CUST-00009,Customer 9,Other,COL,VIP,2024-03-26
CUST-00010,Customer 10,N/A,BRA,Standard,2021-04-30
CUST-00011,Customer 11,F,PER,VIP,2024-01-30
CUST-00012,Customer 12,M,CHL,Standard,2018-07-25
CUST-00013,Customer 13,N/A,MEX,VIP,2019-10-07
CUST-00014,Customer 14,M,MEX,Standard,2020-02-01
CUST-00015,Customer 15,M,MEX,Standard,2025-07-28
CUST-00016,Customer 16,F,COL,Standard,2024-05-22
CUST-00017,Customer 17,F,MEX,VIP,2018-06-12
CUST-00018,Customer 18,M,COL,VIP,2024-07-18
CUST-00019,Customer 19,Other,CHL,Standard,2025-07-06
CUST-00020,Customer 20,Other,BRA,Premium,2022-06-10
CUST-00021,Customer 21,F,CHL,Premium,2021-07-19
CUST-00022,Customer 22,M,PER,Premium,2024-12-19
CUST-00023,Customer 23,M,PER,VIP,2020-05-23
CUST-00024,Customer 24,Other,BRA,Premium,2018-10-09
CUST-00025,Customer 25,F,CHL,Premium,2019-10-09
CUST-00026,Customer 26,N/A,MEX,VIP,2021-05-24
CUST-00027,Customer 27,M,MEX,Premium,2025-06-10
CUST-00028,Customer 28,M,BRA,Premium,2019-04-18
CUST-00029,Customer 29,M,MEX,Standard,2021-01-20
CUST-00030,Customer 30,Other,MEX,Standard,2021-11-05
CUST-00031,Customer 31,F,CHL,VIP,2023-06-25
CUST-00032,Customer 32,Other,PER,Standard,2025-02-11
CUST-00033,Customer 33,N/A,CHL,Standard,2018-01-15
CUST-00034,Customer 34,Other,BRA,VIP,2020-12-08
CUST-00035,Customer 35,F,COL,VIP,2025-11-30
CUST-00036,Customer 36,N/A,MEX,Standard,2019-04-04
CUST-00037,Customer 37,M,BRA,VIP,2018-05-28
CUST-00038,Customer 38,Other,MEX,VIP,2019-08-30
CUST-00039,Customer 39,N/A,BRA,Standard,2021-06-16
CUST-00040,Customer 40,Other,PER,Premium,2020-05-10
CUST-00041,Customer 41,F,PER,Premium,2024-04-12
CUST-00042,Customer 42,N/A,MEX,VIP,2019-09-26
CUST-00043,Customer 43,F,BRA,Standard,2022-08-16
CUST-00044,Customer 44,M,BRA,VIP,2021-09-22
CUST-00045,Customer 45,N/A,BRA,Premium,2019-10-15
CUST-00046,Customer 46,M,COL,Standard,2023-04-12
CUST-00047,Customer 47,F,BRA,Premium,2021-12-03
CUST-00048,Customer 48,Other,BRA,Standard,2018-04-07
CUST-00049,Customer 49,F,COL,Premium,2021-02-15
CUST-00050,Customer 50,M,CHL,Premium,2025-03-12
CUST-00051,Customer 51,N/A,MEX,Premium,2018-04-24
CUST-00052,Customer 52,M,CHL,Standard,2024-07-06
CUST-00053,Customer 53,Other,PER,Standard,2024-09-09
CUST-00054,Customer 54,N/A,CHL,VIP,2021-07-08
CUST-00055,Customer 55,N/A,MEX,VIP,2019-04-19
CUST-00056,Customer 56,N/A,MEX,Standard,2020-11-09
CUST-00057,Customer 57,M,COL,Standard,2023-10-31
CUST-00058,Customer 58,F,CHL,Premium,2018-10-14
CUST-00059,Customer 59,Other,MEX,Premium,2025-06-10
CUST-00060,Customer 60,M,CHL,VIP,2021-06-20
CUST-00061,Customer 61,N/A,CHL,Premium,2025-10-26
CUST-00062,Customer 62,Other,MEX,Standard,2020-02-25
CUST-00063,Customer 63,N/A,COL,VIP,2019-12-14
CUST-00064,Customer 64,Other,COL,VIP,2018-01-02
CUST-00065,Customer 65,Other,CHL,Standard,2022-10-27
CUST-00066,Customer 66,Other,COL,Premium,2022-12-17
CUST-00067,Customer 67,F,MEX,Premium,2019-11-27
CUST-00068,Customer 68,M,CHL,VIP,2025-06-12
CUST-00069,Customer 69,Other,PER,Standard,2025-07-18
CUST-00070,Customer 70,Other,BRA,Standard,2019-08-27
CUST-00071,Customer 71,M,PER,Standard,2023-05-01
CUST-00072,Customer 72,M,COL,Premium,2025-01-23
CUST-00073,Customer 73,F,COL,Premium,2022-06-25
CUST-00074,Customer 74,F,BRA,VIP,2025-09-17
CUST-00075,Customer 75,M,PER,Premium,2020-06-15
CUST-00076,Customer 76,F,MEX,Premium,2018-07-25
CUST-00077,Customer 77,F,PER,Premium,2019-07-01
CUST-00078,Customer 78,N/A,MEX,VIP,2024-09-04
CUST-00079,Customer 79,Other,COL,VIP,2023-08-30
CUST-00080,Customer 80,N/A,MEX,Premium,2019-10-14
CUST-00081,Customer 81,N/A,COL,Premium,2020-10-09
CUST-00082,Customer 82,Other,MEX,Premium,2025-01-11
CUST-00083,Customer 83,F,CHL,Premium,2018-11-14
CUST-00084,Customer 84,Other,BRA,Premium,2021-10-07
CUST-00085,Customer 85,Other,MEX,Standard,2019-07-21
CUST-00086,Customer 86,F,BRA,Premium,2025-10-13
CUST-00087,Customer 87,F,BRA,Standard,2022-08-27
CUST-00088,Customer 88,N/A,CHL,VIP,2023-03-24
CUST-00089,Customer 89,N/A,PER,Standard,2022-09-17
CUST-00090,Customer 90,N/A,MEX,VIP,2018-03-22
CUST-00091,Customer 91,N/A,COL,Standard,2021-12-11
CUST-00092,Customer 92,Other,COL,Premium,2024-01-14
CUST-00093,Customer 93,F,COL,Standard,2021-01-22
CUST-00094,Customer 94,N/A,COL,Standard,2022-05-12
CUST-00095,Customer 95,Other,COL,VIP,2019-11-08
CUST-00096,Customer 96,N/A,BRA,VIP,2023-12-28
CUST-00097,Customer 97,M,COL,VIP,2024-04-30
CUST-00098,Customer 98,M,PER,VIP,2022-10-22
CUST-00099,Customer 99,F,COL,Standard,2018-07-25
CUST-00100,Customer 100,Other,COL,Premium,2020-05-16
CUST-00101,Customer 101,N/A,CHL,Premium,2022-04-02
CUST-00102,Customer 102,Other,COL,Premium,2018-12-02
CUST-00103,Customer 103,N/A,PER,VIP,2024-01-19
CUST-00104,Customer 104,M,CHL,Standard,2025-04-16
CUST-00105,Customer 105,M,PER,Standard,2020-10-09
CUST-00106,Customer 106,F,PER,VIP,2019-09-17
CUST-00107,Customer 107,F,BRA,Premium,2025-07-05
CUST-00108,Customer 108,M,MEX,Standard,2023-03-20
CUST-00109,Customer 109,Other,CHL,Standard,2024-10-17
CUST-00110,Customer 110,M,BRA,Premium,2019-03-19
CUST-00111,Customer 111,M,CHL,VIP,2025-08-06
CUST-00112,Customer 112,N/A,COL,VIP,2020-03-23
CUST-00113,Customer 113,M,MEX,VIP,2025-01-13
CUST-00114,Customer 114,F,PER,VIP,2021-05-20
CUST-00115,Customer 115,M,MEX,Standard,2021-11-23
CUST-00116,Customer 116,N/A,CHL,Standard,2023-09-04
CUST-00117,Customer 117,Other,PER,Premium,2023-07-01
CUST-00118,Customer 118,M,COL,Premium,2025-02-16
CUST-00119,Customer 119,N/A,BRA,Premium,2019-12-23
CUST-00120,Customer 120,Other,MEX,VIP,2023-06-04
CUST-00121,Customer 121,N/A,COL,VIP,2024-08-23
CUST-00122,Customer 122,Other,CHL,Standard,2018-12-21
CUST-00123,Customer 123,Other,COL,Standard,2023-03-19
CUST-00124,Customer 124,N/A,CHL,Standard,2023-07-18
CUST-00125,Customer 125,Other,BRA,Premium,2020-05-18
CUST-00126,Customer 126,Other,CHL,Premium,2021-02-19
CUST-00127,Customer 127,Other,MEX,Standard,2023-10-18
CUST-00128,Customer 128,F,PER,Standard,2022-07-23
CUST-00129,Customer 129,N/A,MEX,Standard,2025-09-29
CUST-00130,Customer 130,N/A,COL,Premium,2018-03-12
CUST-00131,Customer 131,M,CHL,Standard,2022-07-15
CUST-00132,Customer 132,F,CHL,VIP,2024-07-10
CUST-00133,Customer 133,Other,COL,VIP,2023-12-15
CUST-00134,Customer 134,Other,COL,VIP,2024-03-04
CUST-00135,Customer 135,Other,CHL,VIP,2023-02-02
CUST-00136,Customer 136,Other,CHL,Premium,2020-08-02
CUST-00137,Customer 137,M,BRA,Premium,2019-05-05
CUST-00138,Customer 138,F,BRA,Standard,2023-06-07
CUST-00139,Customer 139,Other,MEX,VIP,2024-09-10
CUST-00140,Customer 140,Other,PER,Standard,2021-04-28
CUST-00141,Customer 141,F,CHL,Standard,2021-05-23
CUST-00142,Customer 142,M,MEX,Standard,2021-01-28
CUST-00143,Customer 143,M,PER,VIP,2021-04-11
CUST-00144,Customer 144,F,COL,Standard,2018-02-20
CUST-00145,Customer 145,Other,COL,Premium,2022-12-10
CUST-00146,Customer 146,Other,BRA,Standard,2020-10-31
CUST-00147,Customer 147,N/A,PER,Standard,2022-06-30
CUST-00148,Customer 148,N/A,PER,VIP,2025-01-22
CUST-00149,Customer 149,M,BRA,Standard,2024-04-24
CUST-00150,Customer 150,Other,PER,Standard,2019-05-01
CUST-00151,Customer 151,N/A,MEX,VIP,2024-12-08
CUST-00152,Customer 152,F,MEX,Premium,2023-01-20
CUST-00153,Customer 153,N/A,CHL,VIP,2022-10-23
CUST-00154,Customer 154,Other,MEX,VIP,2018-09-04
CUST-00155,Customer 155,M,BRA,VIP,2020-05-14
CUST-00156,Customer 156,Other,PER,Standard,2020-09-09
CUST-00157,Customer 157,F,MEX,Standard,2019-10-04
CUST-00158,Customer 158,M,COL,Premium,2025-09-24
CUST-00159,Customer 159,N/A,CHL,Standard,2020-08-06
CUST-00160,Customer 160,Other,CHL,VIP,2023-02-03
CUST-00161,Customer 161,M,BRA,Premium,2025-01-04
CUST-00162,Customer 162,F,COL,Standard,2024-02-09
CUST-00163,Customer 163,F,BRA,Premium,2019-08-06
CUST-00164,Customer 164,M,PER,Standard,2021-06-13
CUST-00165,Customer 165,Other,COL,Standard,2023-04-04
CUST-00166,Customer 166,Other,COL,Premium,2023-08-12
CUST-00167,Customer 167,N/A,COL,Standard,2024-09-15
CUST-00168,Customer 168,M,COL,VIP,2021-08-13
CUST-00169,Customer 169,Other,PER,Standard,2020-07-26
CUST-00170,Customer 170,M,CHL,VIP,2018-06-14
CUST-00171,Customer 171,F,COL,VIP,2025-04-22
CUST-00172,Customer 172,N/A,CHL,Standard,2024-07-25
CUST-00173,Customer 173,N/A,COL,Standard,2023-04-10
CUST-00174,Customer 174,Other,COL,Premium,2021-08-08
CUST-00175,Customer 175,M,BRA,Premium,2022-08-14
CUST-00176,Customer 176,N/A,CHL,VIP,2022-06-29
CUST-00177,Customer 177,M,COL,Standard,2021-07-12
CUST-00178,Customer 178,Other,CHL,Standard,2022-07-14
CUST-00179,Customer 179,M,MEX,Premium,2022-08-20
CUST-00180,Customer 180,M,BRA,VIP,2022-01-21
CUST-00181,Customer 181,N/A,COL,Standard,2020-04-13
CUST-00182,Customer 182,Other,MEX,Standard,2021-03-25
CUST-00183,Customer 183,N/A,COL,Standard,2018-04-29
CUST-00184,Customer 184,F,BRA,Premium,2024-03-06
CUST-00185,Customer 185,M,MEX,Premium,2019-01-17
CUST-00186,Customer 186,F,PER,Premium,2019-04-27
CUST-00187,Customer 187,F,COL,VIP,2021-04-10
CUST-00188,Customer 188,Other,COL,Premium,2023-04-19
CUST-00189,Customer 189,F,COL,VIP,2019-08-16
CUST-00190,Customer 190,N/A,BRA,VIP,2023-09-13
CUST-00191,Customer 191,F,PER,Premium,2022-08-27
CUST-00192,Customer 192,Other,MEX,Premium,2018-01-11
CUST-00193,Customer 193,Other,CHL,VIP,2024-07-03
CUST-00194,Customer 194,N/A,BRA,Premium,2024-01-16
CUST-00195,Customer 195,N/A,CHL,Premium,2024-03-10
CUST-00196,Customer 196,N/A,COL,Premium,2020-02-12
CUST-00197,Customer 197,F,MEX,Premium,2020-08-14
CUST-00198,Customer 198,N/A,PER,Premium,2023-04-22
CUST-00199,Customer 199,N/A,COL,VIP,2025-04-24
CUST-00200,Customer 200,F,COL,Standard,2019-06-02
CUST-00201,Customer 201,Other,PER,Premium,2019-02-13
CUST-00202,Customer 202,N/A,PER,VIP,2019-08-14
CUST-00203,Customer 203,N/A,BRA,Standard,2023-04-08
CUST-00204,Customer 204,Other,CHL,VIP,2025-10-08
CUST-00205,Customer 205,N/A,PER,Premium,2025-07-25
CUST-00206,Customer 206,N/A,CHL,VIP,2023-06-22
CUST-00207,Customer 207,M,MEX,Standard,2020-08-19
CUST-00208,Customer 208,Other,BRA,VIP,2019-01-06
CUST-00209,Customer 209,N/A,PER,VIP,2025-11-23
CUST-00210,Customer 210,M,COL,Standard,2025-10-13
CUST-00211,Customer 211,Other,PER,Standard,2021-08-21
CUST-00212,Customer 212,M,CHL,Premium,2022-03-16
CUST-00213,Customer 213,N/A,BRA,Standard,2023-12-16
CUST-00214,Customer 214,N/A,MEX,VIP,2020-01-08
CUST-00215,Customer 215,F,BRA,Standard,2024-11-01
CUST-00216,Customer 216,N/A,MEX,VIP,2020-09-13
CUST-00217,Customer 217,N/A,MEX,Standard,2020-08-09
CUST-00218,Customer 218,N/A,CHL,Premium,2020-11-11
CUST-00219,Customer 219,M,COL,Premium,2025-08-07
CUST-00220,Customer 220,F,PER,Premium,2021-11-16
CUST-00221,Customer 221,Other,COL,VIP,2020-10-21
CUST-00222,Customer 222,N/A,CHL,Standard,2022-04-25
CUST-00223,Customer 223,N/A,PER,Standard,2022-04-12
CUST-00224,Customer 224,Other,MEX,Premium,2025-11-04
CUST-00225,Customer 225,Other,PER,VIP,2022-06-10
CUST-00226,Customer 226,Other,PER,VIP,2025-09-10
CUST-00227,Customer 227,M,MEX,VIP,2023-07-28
CUST-00228,Customer 228,Other,BRA,VIP,2021-12-14
CUST-00229,Customer 229,F,BRA,VIP,2020-10-23
CUST-00230,Customer 230,F,PER,VIP,2025-04-01
CUST-00231,Customer 231,M,CHL,Premium,2018-05-17
CUST-00232,Customer 232,Other,BRA,Standard,2021-04-23
CUST-00233,Customer 233,Other,COL,Standard,2020-04-02
CUST-00234,Customer 234,F,MEX,Premium,2023-12-15
CUST-00235,Customer 235,Other,BRA,Premium,2023-05-28
CUST-00236,Customer 236,Other,CHL,Standard,2023-04-03
CUST-00237,Customer 237,M,BRA,Standard,2025-08-02
CUST-00238,Customer 238,N/A,MEX,Premium,2019-01-05
CUST-00239,Customer 239,N/A,PER,Premium,2024-01-07
CUST-00240,Customer 240,M,COL,Premium,2025-07-18
CUST-00241,Customer 241,Other,MEX,Premium,2025-02-28
CUST-00242,Customer 242,Other,PER,VIP,2020-08-15
CUST-00243,Customer 243,N/A,PER,VIP,2024-04-18
CUST-00244,Customer 244,Other,MEX,Standard,2025-04-06
CUST-00245,Customer 245,M,COL,VIP,2021-05-22
CUST-00246,Customer 246,N/A,PER,Standard,2018-07-05
CUST-00247,Customer 247,M,CHL,Premium,2019-04-21
CUST-00248,Customer 248,M,BRA,VIP,2019-07-10
CUST-00249,Customer 249,N/A,COL,Premium,2025-07-09
CUST-00250,Customer 250,N/A,MEX,VIP,2019-09-25
CUST-00251,Customer 251,N/A,PER,Premium,2024-11-26
CUST-00252,Customer 252,N/A,CHL,Standard,2025-09-28
CUST-00253,Customer 253,Other,BRA,Premium,2022-12-27
CUST-00254,Customer 254,F,CHL,Standard,2025-09-09
CUST-00255,Customer 255,Other,MEX,VIP,2022-01-09
CUST-00256,Customer 256,M,COL,Premium,2020-02-17
CUST-00257,Customer 257,M,COL,Standard,2025-06-07
CUST-00258,Customer 258,F,MEX,Standard,2018-07-27
CUST-00259,Customer 259,Other,BRA,Standard,2024-05-01
CUST-00260,Customer 260,F,PER,VIP,2020-04-28
CUST-00261,Customer 261,F,BRA,Premium,2019-08-28
CUST-00262,Customer 262,M,CHL,Standard,2019-06-17
CUST-00263,Customer 263,Other,BRA,Standard,2025-05-31
CUST-00264,Customer 264,M,BRA,Standard,2022-01-07
CUST-00265,Customer 265,F,MEX,Premium,2018-03-06
CUST-00266,Customer 266,F,CHL,Standard,2019-06-04
CUST-00267,Customer 267,N/A,MEX,Standard,2018-09-18
CUST-00268,Customer 268,N/A,COL,Premium,2023-10-04
CUST-00269,Customer 269,M,COL,VIP,2020-06-26
CUST-00270,Customer 270,M,MEX,Premium,2023-02-20
CUST-00271,Customer 271,M,PER,Premium,2022-07-04
CUST-00272,Customer 272,N/A,PER,Premium,2025-12-27
CUST-00273,Customer 273,N/A,PER,Standard,2021-08-12
CUST-00274,Customer 274,F,PER,Standard,2021-01-31
CUST-00275,Customer 275,Other,COL,VIP,2023-12-14
CUST-00276,Customer 276,Other,COL,VIP,2024-10-15
CUST-00277,Customer 277,N/A,PER,VIP,2019-04-14
CUST-00278,Customer 278,F,COL,Premium,2020-07-24
CUST-00279,Customer 279,N/A,CHL,Premium,2022-06-22
CUST-00280,Customer 280,N/A,PER,Premium,2022-10-15
CUST-00281,Customer 281,Other,CHL,Premium,2019-09-18
CUST-00282,Customer 282,N/A,PER,Standard,2018-12-16
CUST-00283,Customer 283,M,COL,Standard,2022-03-07
CUST-00284,Customer 284,F,MEX,Standard,2024-07-30
CUST-00285,Customer 285,Other,PER,Premium,2021-12-19
CUST-00286,Customer 286,N/A,PER,Premium,2024-09-25
CUST-00287,Customer 287,Other,CHL,Standard,2024-06-25
CUST-00288,Customer 288,F,BRA,VIP,2023-05-30
CUST-00289,Customer 289,F,PER,Premium,2024-03-28
CUST-00290,Customer 290,Other,PER,Premium,2024-06-09
CUST-00291,Customer 291,F,COL,VIP,2024-12-21
CUST-00292,Customer 292,M,MEX,VIP,2025-10-11
CUST-00293,Customer 293,Other,PER,Standard,2021-01-24
CUST-00294,Customer 294,Other,CHL,Premium,2018-01-26
CUST-00295,Customer 295,F,BRA,VIP,2025-05-16
CUST-00296,Customer 296,N/A,PER,Standard,2025-02-06
CUST-00297,Customer 297,M,PER,VIP,2023-12-13
CUST-00298,Customer 298,F,COL,Premium,2023-02-02
CUST-00299,Customer 299,Other,BRA,Premium,2021-06-30
CUST-00300,Customer 300,Other,MEX,VIP,2018-12-14
CUST-00301,Customer 301,M,BRA,Standard,2024-12-05
CUST-00302,Customer 302,M,PER,Premium,2022-12-20
CUST-00303,Customer 303,N/A,COL,VIP,2022-12-16
CUST-00304,Customer 304,N/A,CHL,Standard,2023-09-30
CUST-00305,Customer 305,M,CHL,Premium,2019-03-31
CUST-00306,Customer 306,Other,MEX,Premium,2023-11-29
CUST-00307,Customer 307,Other,PER,Standard,2022-06-07
CUST-00308,Customer 308,M,PER,Standard,2021-05-19
CUST-00309,Customer 309,F,BRA,Premium,2021-03-31
CUST-00310,Customer 310,Other,PER,Standard,2023-07-31
CUST-00311,Customer 311,N/A,BRA,Standard,2022-04-07
CUST-00312,Customer 312,F,MEX,VIP,2025-06-29
CUST-00313,Customer 313,Other,PER,Premium,2018-06-23
CUST-00314,Customer 314,N/A,PER,Premium,2018-11-15
CUST-00315,Customer 315,Other,MEX,Premium,2024-06-06
CUST-00316,Customer 316,N/A,COL,Premium,2019-04-17
CUST-00317,Customer 317,N/A,PER,Premium,2019-12-05
CUST-00318,Customer 318,N/A,CHL,Standard,2022-11-24
CUST-00319,Customer 319,M,BRA,Premium,2024-08-09
CUST-00320,Customer 320,N/A,MEX,Standard,2022-06-10
CUST-00321,Customer 321,Other,CHL,Standard,2021-09-26
CUST-00322,Customer 322,F,PER,VIP,2025-02-06
CUST-00323,Customer 323,M,MEX,VIP,2020-03-05
CUST-00324,Customer 324,Other,CHL,VIP,2025-03-28
CUST-00325,Customer 325,F,BRA,Standard,2019-08-23
CUST-00326,Customer 326,Other,BRA,Standard,2024-10-03
CUST-00327,Customer 327,F,PER,Standard,2025-01-16
CUST-00328,Customer 328,N/A,COL,VIP,2024-07-01
CUST-00329,Customer 329,N/A,MEX,VIP,2025-02-15
CUST-00330,Customer 330,Other,CHL,Standard,2022-12-07
CUST-00331,Customer 331,M,COL,Premium,2025-01-30
CUST-00332,Customer 332,Other,CHL,VIP,2018-08-19
CUST-00333,Customer 333,Other,MEX,Standard,2021-06-25
CUST-00334,Customer 334,N/A,COL,Standard,2018-08-22
CUST-00335,Customer 335,Other,CHL,Standard,2025-03-25
CUST-00336,Customer 336,M,MEX,VIP,2023-09-08
CUST-00337,Customer 337,N/A,COL,VIP,2024-03-20
CUST-00338,Customer 338,M,COL,VIP,2025-04-23
CUST-00339,Customer 339,F,CHL,VIP,2023-05-03
CUST-00340,Customer 340,F,PER,Premium,2019-02-28
CUST-00341,Customer 341,Other,PER,VIP,2025-03-31
CUST-00342,Customer 342,F,PER,Standard,2025-12-08
CUST-00343,Customer 343,N/A,COL,VIP,2023-11-12
CUST-00344,Customer 344,F,CHL,Premium,2021-03-04
CUST-00345,Customer 345,N/A,COL,Premium,2025-08-12
CUST-00346,Customer 346,M,CHL,Standard,2021-09-12
CUST-00347,Customer 347,M,MEX,VIP,2022-05-03
CUST-00348,Customer 348,Other,CHL,VIP,2025-05-13
CUST-00349,Customer 349,F,CHL,Standard,2024-07-14
CUST-00350,Customer 350,F,CHL,Premium,2025-05-11
CUST-00351,Customer 351,N/A,BRA,VIP,2025-12-13
CUST-00352,Customer 352,M,CHL,VIP,2022-03-23
CUST-00353,Customer 353,Other,BRA,VIP,2025-11-18
CUST-00354,Customer 354,M,COL,VIP,2022-01-22
CUST-00355,Customer 355,M,CHL,Premium,2020-01-09
CUST-00356,Customer 356,F,CHL,Premium,2020-02-26
CUST-00357,Customer 357,F,BRA,Standard,2018-11-13
CUST-00358,Customer 358,Other,PER,VIP,2024-01-20
CUST-00359,Customer 359,M,CHL,VIP,2019-06-21
CUST-00360,Customer 360,N/A,BRA,Standard,2020-01-11
CUST-00361,Customer 361,F,COL,Standard,2022-08-10
CUST-00362,Customer 362,Other,BRA,Premium,2024-11-05
CUST-00363,Customer 363,Other,COL,Standard,2023-12-28
CUST-00364,Customer 364,F,CHL,Premium,2020-03-05
CUST-00365,Customer 365,Other,MEX,Premium,2023-03-07
CUST-00366,Customer 366,Other,COL,VIP,2023-12-01
CUST-00367,Customer 367,N/A,BRA,Standard,2024-10-12
CUST-00368,Customer 368,F,CHL,Standard,2025-03-11
CUST-00369,Customer 369,N/A,CHL,VIP,2019-02-25
CUST-00370,Customer 370,M,CHL,Standard,2019-10-19
CUST-00371,Customer 371,Other,COL,VIP,2019-08-27
CUST-00372,Customer 372,N/A,PER,Standard,2023-01-22
CUST-00373,Customer 373,Other,PER,Premium,2018-08-07
CUST-00374,Customer 374,N/A,MEX,Premium,2020-08-23
CUST-00375,Customer 375,N/A,PER,Premium,2020-07-08
CUST-00376,Customer 376,M,CHL,Standard,2025-04-16
CUST-00377,Customer 377,Other,BRA,Standard,2018-06-06
CUST-00378,Customer 378,Other,COL,VIP,2019-07-23
CUST-00379,Customer 379,N/A,COL,VIP,2018-01-22
CUST-00380,Customer 380,M,PER,Premium,2020-06-02
CUST-00381,Customer 381,F,MEX,VIP,2024-10-29
CUST-00382,Customer 382,N/A,PER,Premium,2020-08-31
CUST-00383,Customer 383,Other,PER,Standard,2020-09-03
CUST-00384,Customer 384,N/A,MEX,Premium,2018-09-15
CUST-00385,Customer 385,M,COL,VIP,2024-01-05
CUST-00386,Customer 386,M,MEX,VIP,2020-09-17
CUST-00387,Customer 387,F,CHL,Premium,2018-01-07
CUST-00388,Customer 388,Other,BRA,VIP,2022-09-03
CUST-00389,Customer 389,F,PER,VIP,2022-01-17
CUST-00390,Customer 390,M,MEX,VIP,2023-09-10
CUST-00391,Customer 391,M,COL,Premium,2018-06-28
CUST-00392,Customer 392,N/A,CHL,Premium,2018-03-08
CUST-00393,Customer 393,Other,PER,Premium,2020-09-14
CUST-00394,Customer 394,M,MEX,VIP,2021-09-23
CUST-00395,Customer 395,F,PER,Premium,2024-02-15
CUST-00396,Customer 396,Other,BRA,VIP,2023-03-19
CUST-00397,Customer 397,N/A,BRA,Standard,2018-09-16
CUST-00398,Customer 398,N/A,PER,Premium,2020-04-05
CUST-00399,Customer 399,M,BRA,Standard,2021-07-16
CUST-00400,Customer 400,Other,MEX,Premium,2024-02-03
CUST-00401,Customer 401,N/A,CHL,Standard,2025-04-03
CUST-00402,Customer 402,F,CHL,Premium,2018-07-15
CUST-00403,Customer 403,Other,CHL,Standard,2022-02-16
CUST-00404,Customer 404,N/A,COL,VIP,2022-12-07
CUST-00405,Customer 405,N/A,CHL,Standard,2023-07-26
CUST-00406,Customer 406,N/A,CHL,VIP,2020-12-28
CUST-00407,Customer 407,M,COL,Standard,2022-10-30
CUST-00408,Customer 408,F,MEX,Premium,2021-08-08
CUST-00409,Customer 409,M,PER,Premium,2025-05-31
CUST-00410,Customer 410,Other,CHL,Premium,2024-10-04
CUST-00411,Customer 411,N/A,BRA,VIP,2022-12-24
CUST-00412,Customer 412,Other,COL,Standard,2021-12-15
CUST-00413,Customer 413,N/A,CHL,VIP,2018-08-23
CUST-00414,Customer 414,M,COL,Premium,2023-10-03
CUST-00415,Customer 415,F,PER,Standard,2024-10-24
CUST-00416,Customer 416,N/A,PER,Standard,2018-10-03
CUST-00417,Customer 417,F,CHL,Premium,2022-04-18
CUST-00418,Customer 418,M,MEX,Standard,2025-08-13
CUST-00419,Customer 419,N/A,CHL,Premium,2022-12-24
CUST-00420,Customer 420,M,MEX,Standard,2023-12-09
CUST-00421,Customer 421,Other,COL,Premium,2025-04-14
CUST-00422,Customer 422,Other,BRA,Standard,2018-04-17
CUST-00423,Customer 423,F,COL,VIP,2022-05-05
CUST-00424,Customer 424,M,CHL,Premium,2025-11-23
CUST-00425,Customer 425,N/A,BRA,VIP,2021-03-15
CUST-00426,Customer 426,N/A,BRA,Standard,2019-07-10
CUST-00427,Customer 427,M,COL,Standard,2022-12-29
CUST-00428,Customer 428,M,CHL,VIP,2021-11-24
CUST-00429,Customer 429,M,MEX,VIP,2021-04-04
CUST-00430,Customer 430,Other,BRA,VIP,2025-12-16
CUST-00431,Customer 431,F,CHL,VIP,2020-07-07
CUST-00432,Customer 432,M,BRA,Standard,2020-08-27
CUST-00433,Customer 433,N/A,PER,Premium,2024-03-19
CUST-00434,Customer 434,Other,COL,VIP,2019-06-16
CUST-00435,Customer 435,M,PER,Premium,2022-06-19
CUST-00436,Customer 436,N/A,MEX,Premium,2022-08-05
CUST-00437,Customer 437,M,BRA,Premium,2025-03-16
CUST-00438,Customer 438,M,COL,Premium,2025-08-17
CUST-00439,Customer 439,Other,BRA,VIP,2025-03-05
CUST-00440,Customer 440,F,BRA,Premium,2023-08-22
CUST-00441,Customer 441,M,PER,VIP,2019-09-19
CUST-00442,Customer 442,Other,BRA,Standard,2021-08-14
CUST-00443,Customer 443,F,CHL,VIP,2021-03-09
CUST-00444,Customer 444,M,CHL,Standard,2025-02-14
CUST-00445,Customer 445,Other,BRA,VIP,2021-05-25
CUST-00446,Customer 446,M,MEX,VIP,2019-11-22
CUST-00447,Customer 447,F,BRA,VIP,2025-01-01
CUST-00448,Customer 448,Other,MEX,Standard,2018-04-27
CUST-00449,Customer 449,M,PER,VIP,2024-06-20
CUST-00450,Customer 450,Other,BRA,VIP,2022-09-03
CUST-00451,Customer 451,M,COL,VIP,2024-02-13
CUST-00452,Customer 452,Other,CHL,Premium,2020-09-30
CUST-00453,Customer 453,N/A,CHL,Premium,2018-10-26
CUST-00454,Customer 454,M,BRA,Premium,2022-08-30
CUST-00455,Customer 455,N/A,COL,Standard,2021-10-25
CUST-00456,Customer 456,F,CHL,VIP,2021-07-31
CUST-00457,Customer 457,Other,COL,Standard,2022-02-26
CUST-00458,Customer 458,M,CHL,Standard,2023-03-26
CUST-00459,Customer 459,M,CHL,Premium,2020-10-12
CUST-00460,Customer 460,F,PER,Standard,2021-04-03
CUST-00461,Customer 461,N/A,MEX,Premium,2020-10-13
CUST-00462,Customer 462,F,CHL,VIP,2021-07-04
CUST-00463,Customer 463,F,BRA,Premium,2023-10-10
CUST-00464,Customer 464,N/A,COL,Premium,2023-07-31
CUST-00465,Customer 465,M,PER,Premium,2023-09-02
CUST-00466,Customer 466,N/A,BRA,Standard,2024-07-17
CUST-00467,Customer 467,Other,PER,Standard,2021-02-26
CUST-00468,Customer 468,N/A,MEX,VIP,2025-07-17
CUST-00469,Customer 469,N/A,CHL,VIP,2018-02-03
CUST-00470,Customer 470,M,COL,Standard,2020-12-19
CUST-00471,Customer 471,Other,COL,Premium,2018-07-05
CUST-00472,Customer 472,N/A,PER,VIP,2024-04-20
CUST-00473,Customer 473,F,CHL,VIP,2021-03-28
CUST-00474,Customer 474,M,COL,VIP,2023-01-19
CUST-00475,Customer 475,Other,MEX,VIP,2024-11-07
CUST-00476,Customer 476,M,BRA,Standard,2022-06-02
CUST-00477,Customer 477,Other,CHL,VIP,2022-02-06
CUST-00478,Customer 478,F,BRA,VIP,2023-09-17
CUST-00479,Customer 479,N/A,MEX,Standard,2018-07-05
CUST-00480,Customer 480,M,BRA,VIP,2021-09-26
CUST-00481,Customer 481,N/A,MEX,Premium,2019-09-03
CUST-00482,Customer 482,F,CHL,VIP,2021-07-28
CUST-00483,Customer 483,F,COL,VIP,2021-05-10
CUST-00484,Customer 484,Other,MEX,VIP,2023-12-21
CUST-00485,Customer 485,N/A,MEX,Premium,2023-04-30
CUST-00486,Customer 486,M,CHL,Premium,2025-07-22
CUST-00487,Customer 487,M,COL,VIP,2021-06-14
CUST-00488,Customer 488,M,MEX,Premium,2020-12-23
CUST-00489,Customer 489,F,PER,VIP,2023-05-22
CUST-00490,Customer 490,F,MEX,VIP,2024-12-13
CUST-00491,Customer 491,N/A,BRA,VIP,2020-09-19
CUST-00492,Customer 492,M,MEX,VIP,2019-03-27
CUST-00493,Customer 493,F,PER,Premium,2021-07-08
CUST-00494,Customer 494,N/A,BRA,Premium,2025-09-29
CUST-00495,Customer 495,F,COL,VIP,2024-11-09
CUST-00496,Customer 496,N/A,PER,VIP,2019-07-20
CUST-00497,Customer 497,F,MEX,Premium,2025-06-05
CUST-00498,Customer 498,N/A,MEX,Premium,2021-07-09
CUST-00499,Customer 499,F,COL,VIP,2021-11-03
CUST-00500,Customer 500,Other,CHL,VIP,2023-06-07
CUST-00501,Customer 501,F,BRA,Premium,2024-04-04
CUST-00502,Customer 502,Other,BRA,Premium,2021-03-29
CUST-00503,Customer 503,F,COL,Premium,2023-05-20
CUST-00504,Customer 504,Other,MEX,VIP,2021-01-25
CUST-00505,Customer 505,Other,PER,VIP,2025-08-03
CUST-00506,Customer 506,N/A,COL,Premium,2019-08-23
CUST-00507,Customer 507,Other,PER,Premium,2018-11-20
CUST-00508,Customer 508,Other,COL,VIP,2020-11-16
CUST-00509,Customer 509,N/A,BRA,Standard,2024-01-16
CUST-00510,Customer 510,Other,MEX,VIP,2021-01-17
CUST-00511,Customer 511,F,PER,VIP,2024-07-31
CUST-00512,Customer 512,F,BRA,Standard,2025-07-06
CUST-00513,Customer 513,F,BRA,Standard,2019-02-15
CUST-00514,Customer 514,N/A,CHL,VIP,2023-04-19
CUST-00515,Customer 515,M,BRA,Standard,2024-03-04
CUST-00516,Customer 516,F,COL,VIP,2023-05-03
CUST-00517,Customer 517,N/A,BRA,Premium,2021-08-08
CUST-00518,Customer 518,Other,PER,Standard,2025-04-25
CUST-00519,Customer 519,F,MEX,VIP,2018-06-02
CUST-00520,Customer 520,F,COL,Standard,2018-05-29
CUST-00521,Customer 521,N/A,COL,Standard,2021-03-31
CUST-00522,Customer 522,M,PER,Premium,2024-05-15
CUST-00523,Customer 523,M,CHL,Premium,2023-02-05
CUST-00524,Customer 524,N/A,BRA,VIP,2023-04-02
CUST-00525,Customer 525,Other,BRA,Standard,2021-09-16
CUST-00526,Customer 526,F,COL,VIP,2020-11-19
CUST-00527,Customer 527,F,PER,VIP,2021-10-12
CUST-00528,Customer 528,Other,MEX,VIP,2020-03-02
CUST-00529,Customer 529,F,MEX,VIP,2022-07-19
CUST-00530,Customer 530,N/A,MEX,Premium,2018-12-22
CUST-00531,Customer 531,N/A,PER,Standard,2019-07-30
CUST-00532,Customer 532,N/A,CHL,Standard,2018-01-28
CUST-00533,Customer 533,Other,COL,Standard,2023-01-04
CUST-00534,Customer 534,Other,CHL,Premium,2024-07-13
CUST-00535,Customer 535,M,CHL,VIP,2022-01-12
CUST-00536,Customer 536,F,PER,VIP,2019-04-30
CUST-00537,Customer 537,N/A,CHL,Standard,2022-07-19
CUST-00538,Customer 538,Other,PER,VIP,2021-04-23
CUST-00539,Customer 539,Other,MEX,Standard,2020-06-16
CUST-00540,Customer 540,F,COL,Standard,2023-02-07
CUST-00541,Customer 541,Other,COL,VIP,2024-02-28
CUST-00542,Customer 542,N/A,MEX,VIP,2020-06-13
CUST-00543,Customer 543,F,MEX,Standard,2023-11-23
CUST-00544,Customer 544,N/A,MEX,VIP,2022-01-21
CUST-00545,Customer 545,M,MEX,Standard,2018-09-10
CUST-00546,Customer 546,F,MEX,VIP,2019-09-06
CUST-00547,Customer 547,F,CHL,VIP,2022-12-15
CUST-00548,Customer 548,M,BRA,VIP,2024-07-16
CUST-00549,Customer 549,N/A,PER,VIP,2022-12-30
CUST-00550,Customer 550,M,COL,Standard,2023-10-04
CUST-00551,Customer 551,N/A,COL,VIP,2018-08-25
CUST-00552,Customer 552,N/A,CHL,VIP,2018-03-31
CUST-00553,Customer 553,N/A,CHL,Standard,2020-06-11
CUST-00554,Customer 554,M,PER,Premium,2021-11-12
CUST-00555,Customer 555,M,MEX,Standard,2018-10-10
CUST-00556,Customer 556,N/A,PER,Premium,2022-08-02
CUST-00557,Customer 557,F,BRA,VIP,2025-03-30
CUST-00558,Customer 558,N/A,CHL,Premium,2023-01-12
CUST-00559,Customer 559,N/A,COL,Standard,2025-08-28
CUST-00560,Customer 560,F,CHL,Standard,2020-01-02
CUST-00561,Customer 561,N/A,MEX,Standard,2020-07-01
CUST-00562,Customer 562,M,PER,Premium,2023-03-12
CUST-00563,Customer 563,N/A,MEX,Premium,2020-07-29
CUST-00564,Customer 564,F,COL,Premium,2019-09-28
CUST-00565,Customer 565,Other,BRA,VIP,2019-04-08
CUST-00566,Customer 566,M,COL,VIP,2018-03-06
CUST-00567,Customer 567,F,BRA,Standard,2019-02-18
CUST-00568,Customer 568,M,COL,VIP,2025-07-15
CUST-00569,Customer 569,M,BRA,VIP,2018-07-01
CUST-00570,Customer 570,N/A,COL,Standard,2024-01-20
CUST-00571,Customer 571,F,PER,Standard,2023-08-26
CUST-00572,Customer 572,Other,BRA,VIP,2024-06-17
CUST-00573,Customer 573,Other,MEX,VIP,2025-07-17
CUST-00574,Customer 574,Other,BRA,Premium,2019-08-10
CUST-00575,Customer 575,F,COL,Premium,2021-02-01
CUST-00576,Customer 576,M,MEX,VIP,2019-12-19
CUST-00577,Customer 577,N/A,MEX,Premium,2018-07-12
CUST-00578,Customer 578,Other,COL,VIP,2021-07-29
CUST-00579,Customer 579,N/A,COL,Standard,2021-05-13
CUST-00580,Customer 580,N/A,BRA,VIP,2023-04-24
CUST-00581,Customer 581,F,BRA,Premium,2025-12-08
CUST-00582,Customer 582,F,COL,Standard,2024-04-22
CUST-00583,Customer 583,N/A,COL,VIP,2023-12-11
CUST-00584,Customer 584,F,COL,Standard,2020-11-10
CUST-00585,Customer 585,F,CHL,VIP,2018-11-20
CUST-00586,Customer 586,N/A,CHL,Standard,2024-01-03
CUST-00587,Customer 587,F,PER,Premium,2022-03-25
CUST-00588,Customer 588,M,PER,Standard,2024-08-03
CUST-00589,Customer 589,F,COL,Standard,2021-09-25
CUST-00590,Customer 590,Other,PER,Standard,2020-02-18
CUST-00591,Customer 591,M,COL,Standard,2025-10-20
CUST-00592,Customer 592,F,COL,Standard,2024-03-11
CUST-00593,Customer 593,Other,CHL,Premium,2023-03-25
CUST-00594,Customer 594,Other,CHL,Premium,2022-01-13
CUST-00595,Customer 595,N/A,COL,Standard,2023-04-08
CUST-00596,Customer 596,Other,BRA,Premium,2021-07-05
CUST-00597,Customer 597,N/A,PER,VIP,2020-06-25
CUST-00598,Customer 598,F,PER,Premium,2024-03-16
CUST-00599,Customer 599,N/A,CHL,Standard,2020-03-14
CUST-00600,Customer 600,Other,BRA,Premium,2024-05-22
CUST-00601,Customer 601,F,COL,VIP,2025-05-05
CUST-00602,Customer 602,Other,CHL,Premium,2025-03-13
CUST-00603,Customer 603,N/A,COL,Standard,2021-12-13
CUST-00604,Customer 604,F,BRA,VIP,2024-02-17
CUST-00605,Customer 605,N/A,BRA,VIP,2025-03-13
CUST-00606,Customer 606,M,MEX,Standard,2018-11-01
CUST-00607,Customer 607,M,PER,Premium,2019-07-18
CUST-00608,Customer 608,F,PER,VIP,2019-09-11
CUST-00609,Customer 609,M,BRA,VIP,2023-02-11
CUST-00610,Customer 610,Other,PER,VIP,2025-02-25
CUST-00611,Customer 611,N/A,COL,Standard,2018-01-28
CUST-00612,Customer 612,N/A,PER,Standard,2023-12-09
CUST-00613,Customer 613,Other,MEX,Premium,2018-03-12
CUST-00614,Customer 614,N/A,BRA,Standard,2019-01-30
CUST-00615,Customer 615,F,BRA,Standard,2024-12-13
CUST-00616,Customer 616,Other,CHL,Premium,2022-06-14
CUST-00617,Customer 617,M,CHL,Premium,2023-02-24
CUST-00618,Customer 618,F,BRA,Premium,2025-09-02
CUST-00619,Customer 619,M,PER,Standard,2022-07-19
CUST-00620,Customer 620,N/A,COL,VIP,2023-05-04
CUST-00621,Customer 621,M,PER,VIP,2019-12-03
CUST-00622,Customer 622,M,COL,Premium,2025-03-26
CUST-00623,Customer 623,Other,MEX,Standard,2023-12-04
CUST-00624,Customer 624,M,BRA,Standard,2025-10-06
CUST-00625,Customer 625,N/A,CHL,Standard,2018-11-01
CUST-00626,Customer 626,Other,MEX,VIP,2025-05-19
CUST-00627,Customer 627,M,BRA,Premium,2018-03-06
CUST-00628,Customer 628,F,MEX,Standard,2025-12-29
CUST-00629,Customer 629,N/A,PER,Premium,2019-10-28
CUST-00630,Customer 630,F,MEX,Premium,2025-08-05
CUST-00631,Customer 631,Other,COL,VIP,2019-07-28
CUST-00632,Customer 632,M,MEX,VIP,2021-11-17
CUST-00633,Customer 633,M,PER,Premium,2020-08-08
CUST-00634,Customer 634,M,CHL,VIP,2024-11-19
CUST-00635,Customer 635,N/A,CHL,Standard,2025-02-10
CUST-00636,Customer 636,Other,COL,Premium,2020-07-23
CUST-00637,Customer 637,Other,MEX,Premium,2022-11-04
CUST-00638,Customer 638,F,MEX,VIP,2022-04-06
CUST-00639,Customer 639,M,MEX,Premium,2020-10-06
CUST-00640,Customer 640,M,PER,Premium,2019-09-24
CUST-00641,Customer 641,N/A,BRA,VIP,2022-05-15
CUST-00642,Customer 642,Other,CHL,Standard,2019-01-10
CUST-00643,Customer 643,M,CHL,Premium,2022-01-14
CUST-00644,Customer 644,Other,PER,Standard,2018-12-24
CUST-00645,Customer 645,F,COL,Premium,2024-03-31
CUST-00646,Customer 646,N/A,PER,Standard,2019-01-03
CUST-00647,Customer 647,Other,MEX,Standard,2024-09-11
CUST-00648,Customer 648,Other,COL,Standard,2021-04-10
CUST-00649,Customer 649,N/A,COL,Standard,2024-04-10
CUST-00650,Customer 650,F,MEX,VIP,2019-11-26
CUST-00651,Customer 651,N/A,BRA,Standard,2021-01-06
CUST-00652,Customer 652,Other,CHL,Premium,2019-08-21
CUST-00653,Customer 653,M,BRA,Premium,2021-02-04
CUST-00654,Customer 654,N/A,CHL,Premium,2018-11-12
CUST-00655,Customer 655,Other,CHL,Standard,2025-01-04
CUST-00656,Customer 656,N/A,MEX,VIP,2020-03-11
CUST-00657,Customer 657,N/A,PER,Standard,2021-06-01
CUST-00658,Customer 658,M,COL,Premium,2024-12-15
CUST-00659,Customer 659,N/A,CHL,Premium,2021-10-03
CUST-00660,Customer 660,N/A,MEX,Standard,2021-05-15
CUST-00661,Customer 661,Other,MEX,VIP,2020-04-02
CUST-00662,Customer 662,N/A,CHL,Standard,2022-06-20
CUST-00663,Customer 663,Other,CHL,VIP,2025-10-17
CUST-00664,Customer 664,N/A,MEX,Standard,2021-08-27
CUST-00665,Customer 665,N/A,CHL,Premium,2022-02-04
CUST-00666,Customer 666,M,MEX,Standard,2024-08-22
CUST-00667,Customer 667,F,MEX,Standard,2023-03-06
CUST-00668,Customer 668,F,COL,Premium,2025-10-08
CUST-00669,Customer 669,M,COL,VIP,2023-08-08
CUST-00670,Customer 670,F,CHL,Standard,2020-10-31
CUST-00671,Customer 671,F,COL,Premium,2018-10-30
CUST-00672,Customer 672,N/A,MEX,Premium,2024-07-12
CUST-00673,Customer 673,N/A,MEX,VIP,2025-10-04
CUST-00674,Customer 674,N/A,MEX,Standard,2022-01-12
CUST-00675,Customer 675,M,PER,Standard,2025-05-17
CUST-00676,Customer 676,Other,BRA,VIP,2024-11-14
CUST-00677,Customer 677,M,MEX,VIP,2025-08-06
CUST-00678,Customer 678,N/A,CHL,Premium,2019-03-10
CUST-00679,Customer 679,M,PER,Premium,2020-06-28
CUST-00680,Customer 680,F,COL,Premium,2022-05-22
CUST-00681,Customer 681,N/A,MEX,VIP,2023-08-12
CUST-00682,Customer 682,F,CHL,Standard,2023-06-01
CUST-00683,Customer 683,M,CHL,Premium,2018-12-18
CUST-00684,Customer 684,M,BRA,Premium,2021-07-01
CUST-00685,Customer 685,Other,COL,Standard,2023-11-05
CUST-00686,Customer 686,N/A,CHL,Premium,2019-02-04
CUST-00687,Customer 687,N/A,COL,Premium,2018-10-03
CUST-00688,Customer 688,Other,PER,VIP,2019-04-17
CUST-00689,Customer 689,M,CHL,VIP,2019-03-24
CUST-00690,Customer 690,F,BRA,VIP,2019-12-16
CUST-00691,Customer 691,F,CHL,VIP,2022-10-13
CUST-00692,Customer 692,N/A,BRA,Premium,2025-01-23
CUST-00693,Customer 693,F,BRA,VIP,2025-05-16
CUST-00694,Customer 694,N/A,COL,Standard,2024-11-20
CUST-00695,Customer 695,F,COL,VIP,2022-10-26
CUST-00696,Customer 696,N/A,PER,VIP,2020-05-29
CUST-00697,Customer 697,F,CHL,VIP,2018-09-14
CUST-00698,Customer 698,M,MEX,Standard,2022-02-07
CUST-00699,Customer 699,Other,BRA,Premium,2019-04-12
CUST-00700,Customer 700,Other,COL,VIP,2025-03-02
CUST-00701,Customer 701,Other,MEX,Premium,2024-11-08
CUST-00702,Customer 702,N/A,MEX,Standard,2021-11-26
CUST-00703,Customer 703,Other,COL,VIP,2019-12-08
CUST-00704,Customer 704,Other,MEX,VIP,2018-12-14
CUST-00705,Customer 705,F,CHL,Standard,2020-09-04
CUST-00706,Customer 706,Other,PER,Standard,2022-03-10
CUST-00707,Customer 707,F,MEX,Premium,2022-09-10
CUST-00708,Customer 708,F,MEX,Premium,2022-09-29
CUST-00709,Customer 709,F,COL,VIP,2024-01-11
CUST-00710,Customer 710,F,MEX,Standard,2023-06-29
CUST-00711,Customer 711,Other,BRA,Standard,2021-07-12
CUST-00712,Customer 712,N/A,MEX,Standard,2022-01-10
CUST-00713,Customer 713,M,COL,Standard,2020-03-10
CUST-00714,Customer 714,N/A,MEX,VIP,2025-04-28
CUST-00715,Customer 715,N/A,COL,VIP,2023-07-08
CUST-00716,Customer 716,N/A,COL,Premium,2019-11-17
CUST-00717,Customer 717,M,MEX,Standard,2020-06-22
CUST-00718,Customer 718,Other,PER,Premium,2020-07-09
CUST-00719,Customer 719,Other,BRA,Premium,2024-05-05
CUST-00720,Customer 720,N/A,MEX,VIP,2019-04-09
CUST-00721,Customer 721,M,CHL,VIP,2022-02-11
CUST-00722,Customer 722,M,COL,VIP,2020-06-14
CUST-00723,Customer 723,N/A,PER,VIP,2025-05-01
CUST-00724,Customer 724,F,CHL,Standard,2023-01-17
CUST-00725,Customer 725,Other,CHL,Standard,2022-12-04
CUST-00726,Customer 726,M,BRA,Standard,2024-08-05
CUST-00727,Customer 727,Other,MEX,VIP,2022-10-20
CUST-00728,Customer 728,F,MEX,Standard,2020-04-26
CUST-00729,Customer 729,F,PER,VIP,2021-12-07
CUST-00730,Customer 730,Other,MEX,VIP,2019-11-21
CUST-00731,Customer 731,Other,CHL,Premium,2024-06-03
CUST-00732,Customer 732,Other,MEX,VIP,2019-01-26
CUST-00733,Customer 733,F,COL,Standard,2021-02-09
CUST-00734,Customer 734,F,BRA,Standard,2019-08-23
CUST-00735,Customer 735,Other,BRA,VIP,2022-05-28
CUST-00736,Customer 736,N/A,BRA,VIP,2025-02-03
CUST-00737,Customer 737,Other,COL,Premium,2023-01-26
CUST-00738,Customer 738,M,PER,Premium,2023-10-13
CUST-00739,Customer 739,Other,CHL,Premium,2023-06-23
CUST-00740,Customer 740,Other,MEX,Standard,2019-01-17
CUST-00741,Customer 741,N/A,CHL,Standard,2023-12-30
CUST-00742,Customer 742,N/A,BRA,Premium,2020-05-17
CUST-00743,Customer 743,N/A,CHL,Premium,2021-03-07
CUST-00744,Customer 744,Other,MEX,VIP,2019-06-19
CUST-00745,Customer 745,N/A,CHL,VIP,2018-07-18
CUST-00746,Customer 746,M,PER,VIP,2023-02-26
CUST-00747,Customer 747,M,PER,Standard,2022-12-13
CUST-00748,Customer 748,N/A,PER,Premium,2020-04-08
CUST-00749,Customer 749,F,CHL,Standard,2021-01-27
CUST-00750,Customer 750,M,CHL,Premium,2018-12-04
CUST-00751,Customer 751,Other,BRA,Standard,2022-06-12
CUST-00752,Customer 752,Other,BRA,Premium,2025-05-08
CUST-00753,Customer 753,M,PER,Standard,2020-05-24
CUST-00754,Customer 754,N/A,PER,Standard,2024-08-28
CUST-00755,Customer 755,F,MEX,VIP,2022-12-28
CUST-00756,Customer 756,M,PER,VIP,2021-11-08
CUST-00757,Customer 757,M,COL,VIP,2019-06-26
CUST-00758,Customer 758,N/A,PER,Standard,2022-04-19
CUST-00759,Customer 759,M,PER,Standard,2021-07-07
CUST-00760,Customer 760,Other,CHL,Standard,2022-04-17
CUST-00761,Customer 761,F,BRA,Standard,2023-12-13
CUST-00762,Customer 762,M,MEX,VIP,2019-11-04
CUST-00763,Customer 763,N/A,CHL,VIP,2020-05-22
CUST-00764,Customer 764,F,COL,VIP,2025-09-13
CUST-00765,Customer 765,N/A,BRA,Standard,2019-02-16
CUST-00766,Customer 766,F,PER,VIP,2022-04-22
CUST-00767,Customer 767,Other,COL,Premium,2019-07-27
CUST-00768,Customer 768,F,CHL,VIP,2018-12-12
CUST-00769,Customer 769,F,MEX,VIP,2024-09-23
CUST-00770,Customer 770,Other,PER,VIP,2021-05-20
CUST-00771,Customer 771,F,MEX,VIP,2023-09-19
CUST-00772,Customer 772,F,COL,Premium,2025-03-31
CUST-00773,Customer 773,M,BRA,Premium,2022-04-30
CUST-00774,Customer 774,M,BRA,Premium,2025-02-26
CUST-00775,Customer 775,M,MEX,Standard,2022-01-19
CUST-00776,Customer 776,Other,BRA,Premium,2024-05-17
CUST-00777,Customer 777,N/A,CHL,VIP,2025-08-29
CUST-00778,Customer 778,F,COL,Standard,2018-03-10
CUST-00779,Customer 779,M,PER,Premium,2020-06-02
CUST-00780,Customer 780,M,PER,Premium,2023-09-07
CUST-00781,Customer 781,Other,MEX,Premium,2022-10-01
CUST-00782,Customer 782,N/A,PER,VIP,2024-01-07
CUST-00783,Customer 783,F,CHL,Standard,2021-06-23
CUST-00784,Customer 784,M,MEX,Standard,2019-09-29
CUST-00785,Customer 785,Other,COL,VIP,2025-02-11
CUST-00786,Customer 786,M,CHL,VIP,2022-11-27
CUST-00787,Customer 787,F,PER,Standard,2018-12-20
CUST-00788,Customer 788,N/A,PER,Premium,2024-11-12
CUST-00789,Customer 789,M,CHL,VIP,2025-05-19
CUST-00790,Customer 790,F,PER,Standard,2025-12-09
CUST-00791,Customer 791,F,PER,Standard,2023-07-27
CUST-00792,Customer 792,Other,MEX,VIP,2020-11-27
CUST-00793,Customer 793,F,CHL,Standard,2021-01-05
CUST-00794,Customer 794,M,PER,Premium,2022-10-25
CUST-00795,Customer 795,Other,MEX,Standard,2020-12-13
CUST-00796,Customer 796,M,COL,Premium,2023-09-24
CUST-00797,Customer 797,Other,PER,Premium,2024-05-10
CUST-00798,Customer 798,F,CHL,Standard,2020-11-10
CUST-00799,Customer 799,M,MEX,VIP,2019-04-18
CUST-00800,Customer 800,F,MEX,Standard,2018-06-30
CUST-00801,Customer 801,M,BRA,Standard,2023-04-17
CUST-00802,Customer 802,Other,COL,Standard,2020-01-04
CUST-00803,Customer 803,M,MEX,VIP,2025-05-09
CUST-00804,Customer 804,N/A,BRA,Premium,2020-10-13
CUST-00805,Customer 805,N/A,CHL,Premium,2018-11-16
CUST-00806,Customer 806,Other,PER,VIP,2025-07-20
CUST-00807,Customer 807,M,BRA,Standard,2023-10-14
CUST-00808,Customer 808,M,COL,Standard,2023-03-21
CUST-00809,Customer 809,Other,CHL,Premium,2018-12-20
CUST-00810,Customer 810,N/A,PER,Premium,2020-04-01
CUST-00811,Customer 811,Other,MEX,Premium,2024-12-25
CUST-00812,Customer 812,F,COL,Premium,2024-08-20
CUST-00813,Customer 813,N/A,BRA,VIP,2024-02-17
CUST-00814,Customer 814,F,BRA,Standard,2022-08-07
CUST-00815,Customer 815,M,BRA,VIP,2021-11-19
CUST-00816,Customer 816,M,CHL,Standard,2025-05-16
CUST-00817,Customer 817,N/A,CHL,Standard,2020-04-20
CUST-00818,Customer 818,F,COL,Premium,2018-09-03
CUST-00819,Customer 819,F,CHL,Standard,2018-06-29
CUST-00820,Customer 820,F,MEX,Premium,2025-11-10
CUST-00821,Customer 821,Other,COL,VIP,2018-12-14
CUST-00822,Customer 822,M,MEX,Standard,2025-02-23
CUST-00823,Customer 823,N/A,PER,VIP,2024-05-14
CUST-00824,Customer 824,M,COL,VIP,2019-06-20
CUST-00825,Customer 825,F,CHL,Premium,2021-07-14
CUST-00826,Customer 826,N/A,CHL,Premium,2023-01-29
CUST-00827,Customer 827,Other,BRA,Standard,2020-04-10
CUST-00828,Customer 828,F,MEX,Standard,2019-09-29
CUST-00829,Customer 829,M,BRA,Premium,2023-03-24
CUST-00830,Customer 830,Other,COL,Standard,2024-01-05
CUST-00831,Customer 831,Other,BRA,Premium,2021-06-16
CUST-00832,Customer 832,N/A,CHL,Standard,2019-01-06
CUST-00833,Customer 833,F,CHL,VIP,2025-10-25
CUST-00834,Customer 834,M,BRA,Premium,2019-08-31
CUST-00835,Customer 835,M,BRA,Premium,2022-06-12
CUST-00836,Customer 836,M,CHL,Premium,2019-12-14
CUST-00837,Customer 837,M,COL,Premium,2024-03-27
CUST-00838,Customer 838,F,PER,Premium,2019-02-22
CUST-00839,Customer 839,F,PER,Standard,2018-09-10
CUST-00840,Customer 840,F,BRA,Standard,2022-06-29
CUST-00841,Customer 841,Other,PER,VIP,2024-07-28
CUST-00842,Customer 842,Other,PER,Standard,2018-09-22
CUST-00843,Customer 843,F,COL,Standard,2019-01-12
CUST-00844,Customer 844,Other,PER,Standard,2023-03-04
CUST-00845,Customer 845,M,BRA,VIP,2022-11-10
CUST-00846,Customer 846,N/A,COL,Standard,2022-04-17
CUST-00847,Customer 847,N/A,BRA,Premium,2020-05-29
CUST-00848,Customer 848,F,CHL,Premium,2023-01-01
CUST-00849,Customer 849,F,PER,VIP,2024-12-11
CUST-00850,Customer 850,F,CHL,Premium,2022-08-15
CUST-00851,Customer 851,N/A,PER,Standard,2021-02-19
CUST-00852,Customer 852,N/A,BRA,Premium,2020-03-27
CUST-00853,Customer 853,F,MEX,Standard,2022-04-16
CUST-00854,Customer 854,Other,COL,VIP,2023-06-09
CUST-00855,Customer 855,Other,MEX,VIP,2021-08-10
CUST-00856,Customer 856,N/A,CHL,Standard,2018-04-17
CUST-00857,Customer 857,Other,MEX,Standard,2018-05-01
CUST-00858,Customer 858,Other,PER,Premium,2023-12-09
CUST-00859,Customer 859,Other,MEX,Standard,2019-10-16
CUST-00860,Customer 860,M,BRA,VIP,2020-09-14
CUST-00861,Customer 861,Other,MEX,VIP,2018-08-18
CUST-00862,Customer 862,F,MEX,Premium,2021-12-24
CUST-00863,Customer 863,F,BRA,Standard,2024-08-23
CUST-00864,Customer 864,Other,CHL,VIP,2018-04-26
CUST-00865,Customer 865,Other,MEX,VIP,2019-08-06
CUST-00866,Customer 866,F,COL,VIP,2021-06-19
CUST-00867,Customer 867,F,COL,Standard,2019-01-05
CUST-00868,Customer 868,M,BRA,VIP,2020-06-15
CUST-00869,Customer 869,M,MEX,Premium,2018-01-03
CUST-00870,Customer 870,Other,MEX,Standard,2019-06-19
CUST-00871,Customer 871,Other,BRA,Premium,2018-09-01
CUST-00872,Customer 872,M,BRA,VIP,2025-11-26
CUST-00873,Customer 873,F,PER,VIP,2022-02-03
CUST-00874,Customer 874,M,CHL,VIP,2025-06-05
CUST-00875,Customer 875,N/A,MEX,Standard,2021-10-10
CUST-00876,Customer 876,Other,CHL,Standard,2019-10-08
CUST-00877,Customer 877,N/A,COL,VIP,2021-07-23
CUST-00878,Customer 878,F,MEX,VIP,2024-11-18
CUST-00879,Customer 879,Other,BRA,VIP,2024-08-09
CUST-00880,Customer 880,F,COL,Premium,2025-09-21
CUST-00881,Customer 881,Other,BRA,Standard,2018-01-08
CUST-00882,Customer 882,N/A,MEX,Standard,2020-01-16
CUST-00883,Customer 883,Other,MEX,Standard,2025-03-04
CUST-00884,Customer 884,M,COL,Standard,2021-09-18
CUST-00885,Customer 885,M,BRA,Premium,2021-08-01
CUST-00886,Customer 886,F,PER,VIP,2025-07-07
CUST-00887,Customer 887,Other,COL,Standard,2020-12-22
CUST-00888,Customer 888,F,BRA,VIP,2018-10-05
CUST-00889,Customer 889,Other,CHL,Standard,2018-01-06
CUST-00890,Customer 890,M,COL,Premium,2022-09-15
CUST-00891,Customer 891,F,COL,Premium,2022-04-01
CUST-00892,Customer 892,Other,MEX,Premium,2019-02-20
CUST-00893,Customer 893,N/A,MEX,VIP,2025-09-15
CUST-00894,Customer 894,F,BRA,Premium,2018-10-29
CUST-00895,Customer 895,M,CHL,Standard,2021-07-29
CUST-00896,Customer 896,Other,PER,Standard,2021-11-01
CUST-00897,Customer 897,F,COL,Standard,2018-11-04
CUST-00898,Customer 898,M,CHL,VIP,2024-11-18
CUST-00899,Customer 899,N/A,PER,Premium,2025-05-01
CUST-00900,Customer 900,F,MEX,Premium,2019-10-06
CUST-00901,Customer 901,M,PER,Premium,2020-04-21
CUST-00902,Customer 902,F,COL,VIP,2024-03-19
CUST-00903,Customer 903,Other,CHL,Premium,2020-08-30
CUST-00904,Customer 904,M,PER,Premium,2024-05-30
CUST-00905,Customer 905,N/A,BRA,Standard,2022-01-17
CUST-00906,Customer 906,M,COL,Standard,2021-04-21
CUST-00907,Customer 907,N/A,BRA,Standard,2018-04-16
CUST-00908,Customer 908,F,BRA,VIP,2021-04-10
CUST-00909,Customer 909,M,COL,Standard,2021-06-17
CUST-00910,Customer 910,N/A,COL,Premium,2025-05-31
CUST-00911,Customer 911,Other,PER,VIP,2024-02-07
CUST-00912,Customer 912,N/A,BRA,Premium,2022-04-12
CUST-00913,Customer 913,Other,BRA,Premium,2018-07-02
CUST-00914,Customer 914,Other,COL,Premium,2020-12-14
CUST-00915,Customer 915,F,CHL,VIP,2018-09-10
CUST-00916,Customer 916,F,PER,Standard,2025-06-29
CUST-00917,Customer 917,Other,MEX,Premium,2024-08-12
CUST-00918,Customer 918,F,MEX,Standard,2022-05-05
CUST-00919,Customer 919,N/A,MEX,VIP,2023-04-29
CUST-00920,Customer 920,F,COL,Premium,2018-11-20
CUST-00921,Customer 921,N/A,PER,VIP,2024-05-28
CUST-00922,Customer 922,F,PER,Premium,2019-12-10
CUST-00923,Customer 923,F,BRA,Standard,2019-06-01
CUST-00924,Customer 924,M,COL,Standard,2025-08-30
CUST-00925,Customer 925,N/A,BRA,VIP,2019-08-29
CUST-00926,Customer 926,Other,CHL,VIP,2018-10-02
CUST-00927,Customer 927,M,COL,VIP,2022-06-16
CUST-00928,Customer 928,Other,CHL,VIP,2023-02-20
CUST-00929,Customer 929,M,MEX,VIP,2023-11-11
CUST-00930,Customer 930,N/A,PER,Premium,2019-09-05
CUST-00931,Customer 931,F,MEX,VIP,2024-07-14
CUST-00932,Customer 932,M,PER,VIP,2019-02-18
CUST-00933,Customer 933,Other,MEX,Premium,2022-08-11
CUST-00934,Customer 934,Other,COL,VIP,2023-06-12
CUST-00935,Customer 935,N/A,PER,Standard,2021-02-02
CUST-00936,Customer 936,N/A,BRA,VIP,2024-10-29
CUST-00937,Customer 937,N/A,PER,Premium,2021-09-19
CUST-00938,Customer 938,F,PER,VIP,2023-05-01
CUST-00939,Customer 939,Other,CHL,Standard,2021-10-15
CUST-00940,Customer 940,Other,CHL,Premium,2023-07-07
CUST-00941,Customer 941,M,BRA,Standard,2021-05-15
CUST-00942,Customer 942,N/A,CHL,Premium,2022-09-04
CUST-00943,Customer 943,M,BRA,Premium,2020-05-15
CUST-00944,Customer 944,N/A,COL,VIP,2022-03-12
CUST-00945,Customer 945,M,MEX,Standard,2018-09-26
CUST-00946,Customer 946,Other,MEX,Premium,2019-07-10
CUST-00947,Customer 947,M,BRA,Standard,2020-04-02
CUST-00948,Customer 948,M,BRA,Standard,2023-02-13
CUST-00949,Customer 949,M,CHL,VIP,2020-03-26
CUST-00950,Customer 950,Other,CHL,Premium,2023-08-31
CUST-00951,Customer 951,N/A,PER,VIP,2018-05-06
CUST-00952,Customer 952,F,CHL,Premium,2024-08-30
CUST-00953,Customer 953,N/A,BRA,Premium,2024-07-31
CUST-00954,Customer 954,Other,CHL,Standard,2020-11-25
CUST-00955,Customer 955,M,CHL,Standard,2022-05-03
CUST-00956,Customer 956,M,BRA,VIP,2020-05-27
CUST-00957,Customer 957,F,BRA,VIP,2020-04-26
CUST-00958,Customer 958,Other,COL,VIP,2018-03-24
CUST-00959,Customer 959,M,COL,Standard,2025-04-05
CUST-00960,Customer 960,F,MEX,Standard,2020-07-05
CUST-00961,Customer 961,Other,MEX,Premium,2025-12-29
CUST-00962,Customer 962,Other,COL,Premium,2021-11-29
CUST-00963,Customer 963,N/A,CHL,Standard,2023-03-27
CUST-00964,Customer 964,Other,MEX,VIP,2022-06-15
CUST-00965,Customer 965,M,PER,VIP,2025-06-06
CUST-00966,Customer 966,Other,MEX,VIP,2024-08-29
CUST-00967,Customer 967,Other,CHL,VIP,2019-03-19
CUST-00968,Customer 968,N/A,PER,Premium,2021-02-06
CUST-00969,Customer 969,Other,CHL,Premium,2025-05-11
CUST-00970,Customer 970,Other,BRA,Standard,2023-10-20
CUST-00971,Customer 971,F,PER,VIP,2022-07-14
CUST-00972,Customer 972,Other,BRA,VIP,2018-04-15
CUST-00973,Customer 973,N/A,CHL,Premium,2022-09-11
CUST-00974,Customer 974,N/A,COL,VIP,2018-05-25
CUST-00975,Customer 975,F,CHL,VIP,2020-06-29
CUST-00976,Customer 976,N/A,CHL,VIP,2021-05-14
CUST-00977,Customer 977,F,MEX,Standard,2021-04-18
CUST-00978,Customer 978,M,COL,Standard,2020-11-25
CUST-00979,Customer 979,F,CHL,VIP,2019-01-01
CUST-00980,Customer 980,F,CHL,Standard,2021-06-11
CUST-00981,Customer 981,N/A,CHL,Premium,2020-12-03
CUST-00982,Customer 982,Other,COL,Standard,2023-04-12
CUST-00983,Customer 983,M,MEX,VIP,2024-12-17
CUST-00984,Customer 984,M,COL,Standard,2023-08-12
CUST-00985,Customer 985,M,COL,VIP,2021-05-07
CUST-00986,Customer 986,N/A,PER,Standard,2019-07-17
CUST-00987,Customer 987,F,CHL,Premium,2024-05-21
CUST-00988,Customer 988,N/A,BRA,Premium,2020-01-09
CUST-00989,Customer 989,M,COL,Premium,2025-01-28
CUST-00990,Customer 990,F,CHL,VIP,2018-08-26
CUST-00991,Customer 991,M,COL,Premium,2020-05-07
CUST-00992,Customer 992,F,MEX,Standard,2023-06-29
CUST-00993,Customer 993,M,BRA,VIP,2022-11-12
CUST-00994,Customer 994,N/A,COL,Premium,2023-05-10
CUST-00995,Customer 995,N/A,PER,Standard,2023-12-27
CUST-00996,Customer 996,F,CHL,Standard,2021-08-12
CUST-00997,Customer 997,F,PER,VIP,2018-01-17
CUST-00998,Customer 998,F,BRA,VIP,2021-11-11
CUST-00999,Customer 999,Other,BRA,Standard,2022-04-21
CUST-01000,Customer 1000,Other,BRA,Standard,2018-07-07
