product_id,product_name,category,brand,unit_cost,unit_price
PRD-0001,Electronics Item 1,Electronics,Brand2,299.34,393.9
PRD-0002,Clothing Item 2,Clothing,Brand9,124.0,198.53
PRD-0003,Clothing Item 3,Clothing,Brand7,360.85,595.64
PRD-0004,Clothing Item 4,Clothing,Brand1,230.11,331.15
PRD-0005,Clothing Item 5,Clothing,Brand3,352.09,517.62
PRD-0006,Clothing Item 6,Clothing,Brand2,479.03,703.36
PRD-0007,Sports Item 7,Sports,Brand10,57.39,98.93
PRD-0008,Home Item 8,Home,Brand9,405.49,675.09
PRD-0009,Electronics Item 9,Electronics,Brand9,486.83,725.02
PRD-0010,Home Item 10,Home,Brand6,416.41,670.11
PRD-0011,Clothing Item 11,Clothing,Brand4,355.24,469.95
PRD-0012,Home Item 12,Home,Brand2,492.76,851.32
PRD-0013,Sports Item 13,Sports,Brand6,146.21,236.54
PRD-0014,Clothing Item 14,Clothing,Brand5,191.39,268.86
PRD-0015,Electronics Item 15,Electronics,Brand4,308.47,427.41
PRD-0016,Clothing Item 16,Clothing,Brand9,236.51,339.39
PRD-0017,Clothing Item 17,Clothing,Brand1,345.46,594.68
PRD-0018,Clothing Item 18,Clothing,Brand7,412.68,702.6
PRD-0019,Home Item 19,Home,Brand10,42.43,74.53
PRD-0020,Home Item 20,Home,Brand8,114.19,176.95
PRD-0021,Clothing Item 21,Clothing,Brand9,139.79,198.97
PRD-0022,Home Item 22,Home,Brand10,376.04,569.41
PRD-0023,Sports Item 23,Sports,Brand3,187.38,337.03
PRD-0024,Sports Item 24,Sports,Brand2,54.55,72.2
PRD-0025,Clothing Item 25,Clothing,Brand7,317.45,538.41
PRD-0026,Electronics Item 26,Electronics,Brand8,198.54,317.26
PRD-0027,Home Item 27,Home,Brand1,485.83,840.68
PRD-0028,Electronics Item 28,Electronics,Brand5,344.04,539.62
PRD-0029,Home Item 29,Home,Brand8,64.66,98.11
PRD-0030,Electronics Item 30,Electronics,Brand5,477.37,829.63
PRD-0031,Clothing Item 31,Clothing,Brand5,258.76,350.16
PRD-0032,Clothing Item 32,Clothing,Brand9,84.89,142.72
PRD-0033,Electronics Item 33,Electronics,Brand2,303.48,468.67
PRD-0034,Home Item 34,Home,Brand5,440.57,755.94
PRD-0035,Clothing Item 35,Clothing,Brand2,38.38,66.74
PRD-0036,Electronics Item 36,Electronics,Brand9,368.63,629.62
PRD-0037,Clothing Item 37,Clothing,Brand9,72.91,112.11
PRD-0038,Clothing Item 38,Clothing,Brand7,139.88,242.86
PRD-0039,Clothing Item 39,Clothing,Brand4,465.17,780.38
PRD-0040,Home Item 40,Home,Brand6,205.51,336.18
PRD-0041,Sports Item 41,Sports,Brand4,450.81,687.82
PRD-0042,Clothing Item 42,Clothing,Brand9,41.37,54.22
PRD-0043,Clothing Item 43,Clothing,Brand1,298.34,388.91
PRD-0044,Clothing Item 44,Clothing,Brand6,43.03,56.61
PRD-0045,Electronics Item 45,Electronics,Brand8,261.94,376.99
PRD-0046,Clothing Item 46,Clothing,Brand10,274.22,455.66
PRD-0047,Sports Item 47,Sports,Brand7,129.07,198.31
PRD-0048,Clothing Item 48,Clothing,Brand6,56.22,91.61
PRD-0049,Sports Item 49,Sports,Brand1,211.44,366.2
PRD-0050,Electronics Item 50,Electronics,Brand2,39.7,66.07
